<?xml version='1.0' encoding='UTF-8' ?>
<timeLogEntries>
  <time id="1" path="/Proyecto" start="@1533912030581" delta="1" />
  <time id="2" path="/No Proyecto" start="@1533912066320" delta="2" />
  <time id="3" path="/Proyecto/Taller3_GMaps_DM_Daniel_Galvis/Planning" start="@1534197950514" delta="12" />
  <time id="4" path="/Proyecto/Taller3_GMaps_DM_Daniel_Galvis/Planning" start="@1534199230483" delta="5" />
  <time id="5" path="/Proyecto/Taller3_GMaps_DM_Daniel_Galvis/Planning" start="@1534256586000" delta="62" interrupt="2" />
  <time id="6" path="/Proyecto/Taller3_GMaps_DM_Daniel_Galvis/Planning" start="@1534298531000" delta="58" />
  <time id="7" path="/Proyecto/Taller3_GMaps_DM_Daniel_Galvis/Planning" start="@1534435675000" delta="117" />
  <time id="8" path="/Proyecto/Taller3_GMaps_DM_Daniel_Galvis/Planning" start="@1534640616000" delta="99" />
  <time id="10" path="/Proyecto/Taller3_GMaps_DM_Daniel_Galvis/Code" start="@1534647187534" delta="98" interrupt="4" />
  <time id="11" path="/Proyecto/Taller3_GMaps_DM_Daniel_Galvis/Code" start="@1534655926633" delta="13" />
</timeLogEntries>
