<?xml version='1.0' encoding='UTF-8' ?>
<timeLogEntries>
  <time id="1" path="/Non Project/Lab 2/PSP1/Planning" start="@1485516635041" delta="56" interrupt="9" />
  <time id="2" path="/Non Project/Lab 2/PSP1/Code" start="@1485520591266" delta="54" interrupt="4" />
  <time id="3" path="/Non Project/Lab 2/PSP1/Test" start="@1485524091283" delta="10" />
  <time id="4" path="/Non Project/Lab 2/PSP1/Test" start="@1485524735846" delta="5" />
  <time id="5" path="/Non Project/hojaTrabajo2/PSP1/Planning" start="@1485570333217" delta="79" />
  <time id="6" path="/Non Project/hojaTrabajo2/PSP1/Design" start="@1485575066670" delta="9" />
  <time id="7" path="/Non Project/hojaTrabajo2/PSP1/Design" start="@1485635848825" delta="31" />
  <time id="8" path="/Non Project/hojaTrabajo2/PSP1/Design" start="@1485640132447" delta="5" />
  <time id="9" path="/Non Project/hojaTrabajo2/PSP1/Code" start="@1485640461440" delta="74" />
  <time id="10" path="/Non Project/Lab3/PSP1/Planning" start="@1486083958900" delta="38" interrupt="7" comment="Se leyó el enunciado del laboratorio y posteriormente se pasó a identificar los requerimientos funcionales y no funcionales. Además se entendió el diagrama de clases que el proyecto daba." />
  <time id="11" path="/Non Project/Lab3/PSP1/Code" start="@1486123364896" delta="32" interrupt="1" comment="" />
  <time id="12" path="/Non Project/Lab3/PSP1/Code" start="@1486126139013" delta="8" interrupt="1" />
  <time id="13" path="/Non Project/Lab3/PSP1/Code" start="@1486128225049" delta="24" interrupt="6" />
  <time id="14" path="/Non Project/Lab3/PSP1/Planning" start="@1486142490687" delta="2" />
  <time id="15" path="/Non Project/Lab3/PSP1/Code" start="@1486142583116" delta="18" comment="Se implementó la clase MicroEmpresa y Trabajador, en ella se crearon los atributos, constantes y métodos correspondientes" />
  <time id="16" path="/Non Project/Lab3/PSP1/Test" start="@1486143635764" delta="8" />
  <time id="17" path="/Non Project/Lab3/PSP1/Test" start="@1486147501721" delta="52" interrupt="28" comment="Se comparó los valores del salario devengado y no coincidían, entonces se revisó una y otra vez el enunciado y los métodos, se llegó a la conclusión de que hay que esperar la respuesta del profesor" />
  <time id="18" path="/Non Project/Lab3/PSP1/Design" start="@1486172316333" delta="26" comment="Se hizo el diagrama de objetos" />
  <time id="19" path="/Non Project/HojaTrabajao3/PSP1/Planning" start="@1486176405585" delta="14" />
  <time id="20" path="/Non Project/HojaTrabajao3/PSP1/Planning" start="@1486243560993" delta="4" />
  <time id="21" path="/Non Project/HojaTrabajao3/PSP1/Planning" start="@1486244556583" delta="9" comment="Se hizo un análisis al enunciado del problema y posteriormente se sacaron los requerimientos funcionales y no funcionales, al igual que las entidades y atributos de ellas." />
  <time id="22" path="/Non Project/HojaTrabajao3/PSP1/Design" start="@1486246882524" delta="26" />
  <time id="23" path="/Non Project/HojaTrabajao3/PSP1/Design" start="@1486248878438" delta="27" />
  <time id="24" path="/Non Project/HojaTrabajao3/PSP1/Code" start="@1486251227683" delta="26" interrupt="3" />
  <time id="25" path="/Non Project/HojaTrabajao3/PSP1/Code" start="@1486254576289" delta="15" />
  <time id="26" path="/Non Project/HojaTrabajao3/PSP1/Code" start="@1486306659677" delta="51" interrupt="5" comment="hasta aquí se hizo el código a mano, posteriormente se va a digitalizar" />
  <time id="27" path="/Non Project/HojaTrabajao3/PSP1/Code" start="@1486338685269" delta="27" interrupt="2" />
  <time id="28" path="/Non Project/Lab 2 parte 2/PSP1/Planning" start="@1486692221880" delta="10" interrupt="8" />
  <time id="29" path="/Non Project/Lab 2 parte 2/PSP1/Design" start="@1486693346374" delta="31" />
  <time id="30" path="/Non Project/Lab 2 parte 2/PSP1/Code" start="@1486696125531" delta="14" comment="encontrarEmpleadoQueMasGana" />
  <time id="31" path="/Non Project/Lab 2 parte 2/PSP1/Code" start="@1486698288284" delta="6" comment="Prestaciones- calcularValorIncrementadoPorAntiguedad" />
  <time id="32" path="/Non Project/Lab 2 parte 2/PSP1/Code" start="@1486699794042" delta="4" comment="Prestaciones- calcularBonificacion" />
  <time id="33" path="/Non Project/Lab 2 parte 2/PSP1/Code" start="@1486728899205" delta="10" interrupt="1" comment="calcularPrimaServicios" />
  <time id="34" path="/Non Project/Lab 2 parte 2/PSP1/Code" start="@1486729652445" delta="25" interrupt="1" />
  <time id="35" path="/Non Project/Lab 2 parte 2/PSP1/Code" start="@1486731914760" delta="18" />
  <time id="36" path="/Non Project/Lab 2 parte 2/PSP1/Code" start="@1486738041959" delta="13" />
  <time id="37" path="/Non Project/Lab 2 parte 2/PSP1/Code" start="@1486744431065" delta="19" comment="se modifico las clases ya existentes y se creo la nueva clase" />
  <time id="38" path="/Non Project/Lab 2 parte 2/PSP1/Test" start="@1486776650165" delta="22" />
  <time id="39" path="/Non Project/Lab 2 parte 2/PSP1/Test" start="@1486779273487" delta="11" comment="se probó el programa y se comparó los calculos con el modelo, sin embargo algunos calculos no concuerdan y se han cambiado los calculos varias veces y se sigue con el mismo resultado" />
  <time id="40" path="/Non Project/Laboratorio 3/PSP1/Planning" start="@1487330369167" delta="29" comment="Se leyó el enunciado del problema, se entendió el problema, se analizó el diagrama de clases." />
  <time id="41" path="/Non Project/Laboratorio 3/PSP1/Code" start="@1487332130730" delta="9" />
  <time id="42" path="/Non Project/Laboratorio 3/PSP1/Code" start="@1487333337907" delta="67" interrupt="13" comment="Se hizo todo los pasos que pedía el laboratorio. Se completó los métodos, los atributos y se hizo la descripción de los atributos y relaciones creadas para posteriormente generar el api" />
  <time id="43" path="/Non Project/Laboratorio 3/PSP1/Test" start="@1487338590176" delta="10" comment="Se hizo la comparación de los resultados. Hubo modificaciones en la forma." />
  <time id="44" path="/Non Project/Hoja trabajo V/PSP1/Planning" start="@1488300052708" delta="7" />
  <time id="45" path="/Non Project/Hoja trabajo V/PSP1/Code" start="@1488300467543" delta="49" interrupt="3" />
  <time id="46" path="/Non Project/Hoja trabajo V/PSP1/Code" start="@1488331389508" delta="48" />
  <time id="47" path="/Non Project/U3L1/PSP1/Planning" start="@1488543780864" delta="6" comment="Se leyó el enunciado del laboratorio y se comprendió el modelo de clases " />
  <time id="48" path="/Non Project/U3L1/PSP1/Code" start="@1488544121628" delta="75" comment="Se empezó a hacer los métodos que pedían" />
  <time id="49" path="/Non Project/U3L1/PSP1/Test" start="@1488548678058" delta="3" comment="Se revisó que el código estuviese bien, las funcionalidades no arrojaran error y se compararon los valores con otros compañeros" />
  <time id="50" path="/Non Project/U3L2/PSP1/Planning" start="@1489147396892" delta="7" comment="Se leyó el enunciado y se miró el diagrama de clases para  entender y analizar bien el problema" />
  <time id="51" path="/Non Project/U3L2/PSP1/Code" start="@1489147803598" delta="42" />
  <time id="52" path="/Non Project/U3L2/PSP1/Code" start="@1489151048525" delta="48" />
  <time id="53" path="/Non Project/U3L2/PSP1/Code" start="@1489170843153" delta="7" comment="Se codificaron los métodos que en el enunciado se pedían" />
  <time id="54" path="/Non Project/U3L2/PSP1/Test" start="@1489171362891" delta="3" interrupt="5" comment="Se revisó que todos los métodos funconaran correctamente" />
  <time id="55" path="/Non Project/U4L1/PSP1/Planning" start="@1489749221652" delta="4" comment="Se leyó el enunciado, se entendió el problema que nos daban y el diagrama de clases" />
  <time id="56" path="/Non Project/U4L1/PSP1/Code" start="@1489749441378" delta="35" />
  <time id="57" path="/Non Project/U4L1/PSP1/Code" start="@1489752053663" delta="106" />
  <time id="58" path="/Non Project/U4L1/PSP1/Code" start="@1489760075853" delta="39" interrupt="4" />
  <time id="59" path="/Non Project/U4L1/PSP1/Code" start="@1489768646896" delta="13" comment="Hasta ahora, se han hecho todos los contratos, modificado el código de los métodos y elementos que fueron movidos y además se crearon nuevos métodos y se codificó el método calcularPorcentajeTotalMujeres" />
  <time id="60" path="/Non Project/U4L1/PSP1/Design" start="@1489772258036" delta="13" interrupt="3" />
  <time id="61" path="/Non Project/U4L1/PSP1/Design" start="@1489777142794" delta="11" />
  <time id="62" path="/Non Project/U4L1/PSP1/Design" start="@1489793645470" delta="3" comment="Se hizo todo el punto 2. Se trató de aplicar la técnica del experto y mover los métodos y constantes" />
  <time id="63" path="/Non Project/U4L1/PSP1/Planning" start="@1489793830706" delta="36" comment="En el punto 3, se analizó cómo se podía implementar correctamente calcularPorcentajeTotalMujeres" />
  <time id="64" path="/Non Project/U4L1/PSP1/Code" start="@1489796015618" delta="3" comment="" />
  <time id="65" path="/Non Project/U4L1/PSP1/Planning" start="@1489796224123" delta="16" />
  <time id="66" path="/Non Project/U4L1/PSP1/Planning" start="@1489797565373" delta="19" comment="Se revisó cómo se podía hacer el nuevo diagrama de clases y se hizo" />
  <time id="67" path="/Non Project/U4L1/PSP1/Code" start="@1489798700383" delta="8" />
  <time id="68" path="/Non Project/U4L1/PSP1/Code" start="@1489868226954" delta="30" comment="Esta sección debería ir en el diseño porque se hizo el diagrma de clases" />
  <time id="69" path="/Non Project/U4L2/PSP1/Planning" start="@1490354818138" delta="6" comment="Se entendió el problema" />
  <time id="70" path="/Non Project/U4L2/PSP1/Code" start="@1490355284835" delta="18" />
  <time id="71" path="/Non Project/U4L2/PSP1/Code" start="@1490357170857" delta="146" interrupt="20" />
  <time id="72" path="/Non Project/U4L2/PSP1/Code" start="@1490381046349" delta="61" comment="Se creó la clase Vehículo, se hizo sus contratos. Se realizaron todos los puntos que te pedían" />
  <time id="73" path="/Non Project/U5L1/PSP1/Planning" start="@1491566833205" delta="2" />
  <time id="74" path="/Non Project/U5L1/PSP1/Design" start="@1491566955737" delta="37" />
  <time id="75" path="/Non Project/U5L1/PSP1/Code" start="@1491569163048" delta="119" interrupt="15" />
  <time id="76" path="/Non Project/U4L2/PSP1/Code" start="@1491590331232" delta="14" />
  <time id="77" path="/Non Project/U5L2/PSP1/Planning" start="@1492774346945" delta="2" comment="Se leyó el problema y se entendió" />
  <time id="78" path="/Non Project/U5L2/PSP1/Design" start="@1492774466866" delta="13" interrupt="14" comment="Se creo la intefaz pre-Eliminar" />
  <time id="79" path="/Non Project/U5L2/PSP1/Code" start="@1492776337000" delta="35" comment="Se empezó a codificar la Interfaz Preliminar" />
  <time id="80" path="/Non Project/U5L2/PSP1/Code" start="@1492779595000" delta="61" comment="Se continúa la codificación de la interfaz preliminar. Se detuvo por el control" />
  <time id="81" path="/Non Project/U5L2/PSP1/Design" start="@1492795670856" delta="29" comment="Se creó la el modelo del mundo" />
  <time id="82" path="/Non Project/U5L2/PSP1/Code" start="@1492800967027" delta="124" />
  <time id="83" path="/Non Project/U5L2/PSP1/Code" start="@1492818242771" delta="76" comment="Aquí se terminó de codificar la interfaz" />
  <time id="84" path="/Non Project/U5L2/PSP1/Code" start="@1492836301000" delta="45" comment="se crearon algunos contratos" />
  <time id="85" path="/Non Project/U6L1/PSP1/Planning" start="@1493377253226" delta="10" comment="Se leyó el enunciado y se entendió el problema" />
  <time id="86" path="/Non Project/U6L1/PSP1/Design" start="@1493378470546" delta="22" comment="Se diseñó el diagama de clases de la interfaz" />
  <time id="87" path="/Non Project/U6L1/PSP1/Code" start="@1493380088428" delta="10" />
  <time id="88" path="/Non Project/U6L1/PSP1/Code" start="@1493381143784" delta="93" interrupt="16" comment="Se empezó a codificar la interfaz" />
  <time id="89" path="/Non Project/U6L1/PSP1/Code" start="@1493389282439" delta="36" interrupt="2" />
  <time id="90" path="/Non Project/U6L1/PSP1/Code" start="@1493399740268" delta="144" interrupt="18" comment="Se terminó de codificar La interfaz y el mundo" />
  <time id="91" path="/Non Project/U6L1/PSP1/Code" start="@1493419524094" delta="16" />
  <time id="92" path="/Non Project/U6L1/PSP1/Code" start="@1493422425243" delta="24" interrupt="1" comment="Se terminó de escribir los contratos del mundo" />
  <time id="93" path="/Non Project/U6L1/PSP1/Design" start="@1493425411235" delta="17" comment="Se hizo el nuevo diagrama de clase del mundo" />
  <time id="94" path="/Non Project/U6L1/PSP1/Design" start="@1493427111652" delta="40" comment="Se terminó de hacer el diagrama de la interfaz" />
  <time id="95" path="/Non Project/Proyecto Final/PSP1/Planning" start="@1493567552663" delta="50" comment="Se leyó una y otra vez el enunciado, tratando de entenderlo. Se pensó cómo podría funcionar el programa, cómo podría ser la interfaz y además se hizo una propuesta de cómo podría ser el diagrama de clases del mundo. Todavía no se han escrito los requerimientos funcionales y no funcionales, todo el trabajo hecho hasta ahora no se ha formalizado ni tampoco se ha digitalizado, las ideas se han escrito en papel." />
  <time id="96" path="/Non Project/Proyecto Final/PSP1/Planning" start="@1493592401596" delta="60" comment="Se puso en discusión cuáles serían los requerimientos funcionales y no funcionales y se registraron en un documento de word" />
  <time id="97" path="/Non Project/Proyecto Final/PSP1/Design" start="@1493596187600" delta="12" interrupt="1" comment="Se inició a dibujar el mockup a mano. Interrumpimos el dibujo porque nos dimos cuenta de un bug en el planeo" />
  <time id="98" path="/Non Project/Proyecto Final/PSP1/Planning" start="@1493597124805" delta="4" comment="bug: Nos dimos cuenta de que los requerimientos funcionales debían ser mejorados y lo corregimos" />
  <time id="99" path="/Non Project/Proyecto Final/PSP1/Design" start="@1493597420089" delta="34" comment="Se terminó de dibujar el mockup y se terminó de determinar cómo se iba a repartir la ventana" />
  <time id="100" path="/Non Project/Proyecto Final/PSP1/Design" start="@1493599567589" delta="9" comment="Se hizo el diagrama de clases de la interfaz" />
  <time id="101" path="/Non Project/Proyecto Final/PSP1/Code" start="@1493600171848" delta="46" comment="Se empezó a codificar la interfaz, para generar el mockup. Bug: Interrumpimos la codificación puesto que se nos olvidó añadir los botones en el diagrama de clases de la interfaz" />
  <time id="102" path="/Non Project/Proyecto Final/PSP1/Design" start="@1493602996135" delta="3" comment="Se añadieron los botones a la clase Información " />
  <time id="103" path="/Non Project/Proyecto Final/PSP1/Code" start="@1493603190156" delta="11" comment="Se terminó de codificar al interfaz, ya se tiene la interfaz gráfica como se tenía planeado. Se procederá a tomar la foto para presentarse como mockup" />
  <time id="104" path="/Non Project/Proyecto Final/PSP1/Design" start="@1493668653479" delta="6" comment="bug: Se hicieron algunas modificaciones en el diagrama de clases de la interfaz: Se añadieron los dar y modificar a la clase PanelInformación y se añadieron algunas relaciones" />
  <time id="105" path="/Non Project/Proyecto Final/PSP1/Design" start="@1493678865029" delta="13" comment="Se hizo el estimado de horas de desarrollo del proyecto" />
  <time id="106" path="/Non Project/Proyecto Final/PSP1/Design" start="@1493680280660" delta="41" comment="Se empezó a hacer el diagrama de clases del mundo. Se detuvo la realización para pensar sobre una alternativa" />
  <time id="107" path="/Non Project/Proyecto Final/PSP1/Design" start="@1493686489003" delta="12" comment="Se terminó de hacer el diagrama de clases del mundo. Se modificaron varios métodos del diagrama, puesto que se pensó durante la pausa que fue una comida, cómo debería funcionar el mundo" />
  <time id="108" path="/Non Project/Proyecto Final/PSP1/Code" start="@1493687360890" delta="5" comment="Se empezó a codificar el mundo. Los atributos y contructores" />
  <time id="109" path="/Non Project/Proyecto Final/PSP1/Design" start="@1493687704636" delta="4" comment="Bug: Se hicieron las constantes de los tamaños de la matriz y arreglos. Se añadió el método generarMatrizJuego" />
  <time id="110" path="/Non Project/Proyecto Final/PSP1/Code" start="@1493688071820" delta="18" comment="Hubo un error en el eclipse, por lo tanto se pausa hasta arreglar el eclipse" />
  <time id="111" path="/Non Project/Proyecto Final/PSP1/Code" start="@1493745694658" delta="3" comment="Se le preguntó al profesor acerca del enunciado y nos dimos cuenta que había que presentar 4 mesas por ventana. " />
  <time id="112" path="/Non Project/Proyecto Final/PSP1/Code" start="@1493749992182" delta="21" comment="Bug: Se empieza a codificar de nuevo unas partes de la interfaz. Se elemina la clase PanelJuego y se añade su contenido a la clase PanelInformación. La clase PanelInformación pasa a llamarse PanelMesa" />
  <time id="113" path="/Non Project/Proyecto Final/PSP1/Code" start="@1493767428787" delta="24" comment="Se terminó de modificar la interfaz. Se agregó el panel opciones" />
  <time id="114" path="/Non Project/Proyecto Final/PSP1/Design" start="@1493769378936" delta="17" comment="Bug: Se modificó el diagrama de clase de la interfaz, puesto que se hizo una modificación en la interfaz" />
  <time id="115" path="/Non Project/Proyecto Final/PSP1/Planning" start="@1493770428531" delta="7" comment="Bug: Se agregaron los requerimientos funcionales Cargar y reescribir un archivo properties y repartir cartas a todos las mesas. No se agregaron inicialmente porque no se tenía tan claro el enunciado" />
  <time id="116" path="/Non Project/Proyecto Final/PSP1/Code" start="@1493773702761" delta="4" comment="Se creó el método de la clase Carta que da el valor a cada carta" />
  <time id="117" path="/Non Project/Proyecto Final/PSP1/Code" start="@1493775257628" delta="33" comment="Se hizo los métodos puntajeCartaMasAlta, puntajeCartaMenor y hayEscalera de la clase jugador" />
  <time id="118" path="/Non Project/Proyecto Final/PSP1/Design" start="@1493855246496" delta="5" comment="Bug: Se preguntó al profesor acerca del diagrama de clases de la interfaz y se hizo la modificación. Se añadieron los métodos de los requerimientos funcionales" />
  <time id="119" path="/Non Project/Proyecto Final/PSP1/Code" start="@1493861169512" delta="23" comment="Se empezó a codificar el método cuántas cartas son iguales de la clase Jugador" />
  <time id="120" path="/Non Project/Proyecto Final/PSP1/Code" start="@1493863656286" delta="12" comment="Se terminó de codificar el método cuantas cartasRepetidas hay.BUG: Se probó este método en un main string y hubo algunos errores que fueron corregidos" />
  <time id="121" path="/Non Project/Proyecto Final/PSP1/Code" start="@1493864958053" delta="12" interrupt="3" comment="Por curiosidad se probó el método hayEscalera en el main y el rsultado quedó bien" />
  <time id="122" path="/Non Project/Proyecto Final/PSP1/Code" start="@1493866266636" delta="6" comment="Bug: Se nos dió la idea de probar el método hayEscalera con un as, el método no identificaba correctamente bajo qué circunstancias el As debería valer 1 o la mayor puntuación. Por lo tanto se corrigió" />
  <time id="123" path="/Non Project/Proyecto Final/PSP1/Code" start="@1493915213574" delta="21" comment="Se creó el método generarArregloInformación ubicado en la clase Jugador. Se inició la construcción del metodo generarMatrizJuego en la clase Mesa" />
  <time id="124" path="/Non Project/Proyecto Final/PSP1/Code" start="@1493917346871" delta="8" interrupt="2" comment="Se terminó de codificar el método generarMatrizJuego" />
  <time id="125" path="/Non Project/Proyecto Final/PSP1/Code" start="@1493942697424" delta="110" comment="Se empezó a crear los métodos para agregar el archivo properties" />
  <time id="126" path="/Non Project/Proyecto Final/PSP1/Code" start="@1493951878015" delta="46" comment="Bug: Al cargar el archivo generaba una excepción cuando se cargaban los datos al mundo. El error fue corregido porque en el archivo properties había un número que no conrrespondía. Apareció otro error, ya que no mostraba los datos porque lanzaba una excepción. Este error sucedía porque al hacer un recorrido el rango de la matriz se salía y esto sucedía porque no en todas las mesas había los mismos jugadores" />
  <time id="127" path="/Non Project/U6L2/PSP1/Planning" start="@1493985924735" delta="26" comment="Se leyó el enunciado y se revisó los méotods existentes" />
  <time id="128" path="/Non Project/U6L2/PSP1/Planning" start="@1493987686331" delta="5" comment="Se enfatizó en la parte de properties" />
  <time id="129" path="/Non Project/U6L2/PSP1/Code" start="@1493988038551" delta="76" interrupt="4" comment="Se terminó de codificar el cargado del archivo. No funciona el juego, se revisará" />
  <time id="130" path="/Non Project/U6L2/PSP1/Code" start="@1493994206181" delta="23" comment="Se terminó de codificar el método para rellenar los muros de alrededor. " />
  <time id="131" path="/Non Project/U6L2/PSP1/Code" start="@1493995655471" delta="12" />
  <time id="132" path="/Non Project/U6L2/PSP1/Code" start="@1494001413223" delta="79" comment="Se terminó de codificar el método para imprimir la matriz. Se arreglaron algunos bugs " />
  <time id="133" path="/Non Project/U6L2/PSP1/Code" start="@1494031011941" delta="25" comment="Se terminó de crear los contratos del mundo" />
  <time id="134" path="/Non Project/U6L2/PSP1/Code" start="@1494113854198" delta="60" />
  <time id="135" path="/Non Project/Proyecto Final/PSP1/Code" start="@1494117552868" delta="26" comment="Se crearon los metodos de la clase Jugador todasLasCartasMismoColor, hayDosParejasDiferentes, cartaQueTienePareja" />
  <time id="136" path="/Non Project/Proyecto Final/PSP1/Code" start="@1494120289209" delta="22" comment="Se crearon los metodos inicializarBarajaDisponible, generarPicas,generarDiamantes,generarCorazones,generarTreboles" />
  <time id="137" path="/Non Project/Proyecto Final/PSP1/Code" start="@1494125010935" delta="11" comment="Se empezó a codificar el método calificarMano, pero se detuvo para verificar un método" />
  <time id="138" path="/Non Project/Proyecto Final/PSP1/Code" start="@1494129815339" delta="18" comment="Se empezó a codificar el método calificar mano. Se interrumpe el proceso por cuestiones de familia" />
  <time id="139" path="/Non Project/Proyecto Final/PSP1/Code" start="@1494133531766" delta="5" comment="Se hizo el método valorCartaDeLaPareja" />
  <time id="140" path="/Non Project/Proyecto Final/PSP1/Code" start="@1494134662324" delta="4" comment="Se terminó de codificar el método calificarMano" />
  <time id="141" path="/Non Project/Proyecto Final/PSP1/Code" start="@1494188439774" delta="29" comment="Se empezó a codificar el método determinarGanadores" />
  <time id="142" path="/Non Project/Proyecto Final/PSP1/Code" start="@1494191286708" delta="26" comment="Se creó el método determinarGanadores" />
  <time id="143" path="/Non Project/Proyecto Final/PSP1/Code" start="@1494193532080" delta="24" comment="Se creó el método para repartir las cartas, y ya se conectó con la interfaz" />
  <time id="144" path="/Non Project/Proyecto Final/PSP1/Code" start="@1494353517574" delta="5" comment="Se conectó el método para msotrar las mesas anteriores con la interfaz" />
  <time id="145" path="/Non Project/Proyecto Final/PSP1/Code" start="@1494521466832" delta="35" comment="Se crearon los métodos que asignaban los ganadores y el bote que ellos ganan." />
  <time id="146" path="/Non Project/Proyecto Final/PSP1/Design" start="@1494647505460" delta="6" comment="Se terminó de modifcar el diagrama de clases del mundo" />
  <time id="148" path="/Non Project/Proyecto Final/PSP1/Code" start="@1494970302506" delta="1" />
  <time id="149" path="/Non Project/Proyecto Final/PSP1/Code" start="@1495207192470" delta="55" comment="Se empezó a hacer los contratos del mundo" />
  <time id="150" path="/Non Project/Proyecto Final/PSP1/Code" start="@1495215825747" delta="43" comment="se terminó de hacer los contratos" />
  <time id="151" path="/Non Project/Proyecto Final/PSP1/Code" start="@1495642057479" delta="56" comment="Se terminaron todas las funcionalidades: Repartir cartas a todas las mesas, los métodos con respecto al dinero" />
  <time id="152" path="/APO2/U1L2/PSP1/Planning" start="@1502460903217" delta="13" comment="Se leyó el enunciado y ser revisó todos los nuevos requerimientos que el programa neecesitaba" />
  <time id="153" path="/APO2/U1L2/PSP1/Design" start="@1502461825440" delta="35" />
  <time id="154" path="/APO2/U1L2/PSP1/Code" start="@1502464582108" delta="22" />
  <time id="155" path="/APO2/U1L2/PSP1/Code" start="@1502488738586" delta="156" interrupt="8" />
  <time id="156" path="/APO2/U1L2/PSP1/Code" start="@1502516926167" delta="114" />
  <time id="157" path="/APO2/U1L2/PSP1/Code" start="@1502553157117" delta="157" />
  <time id="158" path="/APO2/U1L3_DASHBOARD-MA-STEVEN/PSP1/Planning" start="@1502972048006" delta="47" />
  <time id="159" path="/APO2/U1L3_DASHBOARD-MA-STEVEN/PSP1/Code" start="@1502974905643" delta="22" />
  <time id="160" path="/APO2/U1L3_DASHBOARD-MA-STEVEN/PSP1/Code" start="@1503065155348" delta="104" />
  <time id="161" path="/APO2/U1L3_DASHBOARD-MA-STEVEN/PSP1/Code" start="@1503101220525" delta="74" />
  <time id="162" path="/APO2/U1L3_DASHBOARD-MA-STEVEN/PSP1/Design" start="@1503105689785" delta="7" />
  <time id="163" path="/APO2/U2L1_DASHBOARD_STEVEN/PSP1/Planning" start="@1503579139930" delta="33" />
  <time id="164" path="/APO2/U2L1_DASHBOARD_STEVEN/PSP1/Code" start="@1503671330537" delta="45" />
  <time id="165" path="/APO2/U2L1_DASHBOARD_STEVEN/PSP1/Code" start="@1503703756245" delta="59" />
  <time id="166" path="/APO2/U2L1_DASHBOARD_STEVEN/PSP1/Code" start="@1503710238401" delta="1" />
  <time id="167" path="/APO2/U2L1_DASHBOARD_STEVEN/PSP1/Test" start="@1503714174632" delta="9" />
  <time id="168" path="/APO2/U2L1_DASHBOARD_STEVEN/PSP1/Test" start="@1503715674682" delta="6" />
  <time id="169" path="/APO2/U2L1_DASHBOARD_STEVEN/PSP1/Test" start="@1503716835985" delta="128" />
  <time id="170" path="/APO2/U2L2_DASHBORAD/PSP1/Planning" start="@1504183909269" delta="36" />
  <time id="171" path="/APO2/U2L2_DASHBORAD/PSP1/Design" start="@1504276906480" delta="39" />
  <time id="172" path="/APO2/U2L2_DASHBORAD/PSP1/Code" start="@1504280623033" delta="17" />
  <time id="173" path="/APO2/U2L2_DASHBORAD/PSP1/Code" start="@1504308598446" delta="29" />
  <time id="174" path="/APO2/U2L2_DASHBORAD/PSP1/Code" start="@1504364998258" delta="108" />
  <time id="175" path="/APO2/U2L2_DASHBORAD/PSP1/Test" start="@1504398243925" delta="102" />
  <time id="176" path="/APO2/U3L1/PSP1/Planning" start="@1505390617434" delta="25" />
  <time id="177" path="/APO2/U3L1/PSP1/Code" start="@1505392102683" delta="65" />
  <time id="178" path="/APO2/U3L1/PSP1/Code" start="@1505429122034" delta="33" />
  <time id="179" path="/APO2/U3L1/PSP1/Code" start="@1505431514532" delta="10" />
  <time id="180" path="/APO2/U3L1/PSP1/Code" start="@1505441881108" delta="76" />
  <time id="181" path="/APO2/U3L1/PSP1/Code" start="@1505485067364" delta="55" />
  <time id="182" path="/APO2/U3L2/PSP1/Planning" start="@1505997221151" delta="49" interrupt="2" />
  <time id="183" path="/APO2/U3L2/PSP1/Code" start="@1506037442649" delta="112" />
  <time id="184" path="/APO2/U3L2/PSP1/Code" start="@1506090075169" delta="80" />
  <time id="185" path="/APO2/U4L1/PSP1/Planning" start="@1506602550834" delta="32" />
  <time id="186" path="/APO2/U4L1/PSP1/Code" start="@1506604749135" delta="12" />
  <time id="187" path="/APO2/U4L1/PSP1/Code" start="@1506618441431" delta="46" />
  <time id="188" path="/APO2/U4L1/PSP1/Code" start="@1506694893416" delta="87" interrupt="6" />
  <time id="189" path="/APO2/U4L1/PSP1/Code" start="@1506719716973" delta="58" />
  <time id="190" path="/APO2/U4L1/PSP1/Code" start="@1506727444110" delta="38" />
  <time id="191" path="/APO2/U4L1/PSP1/Design" start="@1506731969635" delta="44" />
  <time id="192" path="/APO2/U4L1/PSP1/Test" start="@1506736151868" delta="59" />
  <time id="193" path="/APO2/U4L2/PSP1/Planning" start="@1507205295725" delta="7" />
  <time id="194" path="/APO2/U4L2/PSP1/Code" start="@1507206230936" delta="20" />
  <time id="195" path="/APO2/U4L2/PSP1/Code" start="@1507245803386" delta="35" />
  <time id="196" path="/APO2/U4L2/PSP1/Code" start="@1507252308676" delta="54" />
  <time id="197" path="/APO2/U4L3/PSP1/Planning" start="@1507811155999" delta="13" />
  <time id="198" path="/APO2/U4L3/PSP1/Code" start="@1507811928139" delta="12" interrupt="5" />
  <time id="199" path="/APO2/U4L3/PSP1/Code" start="@1507813135572" delta="16" interrupt="4" />
  <time id="200" path="/APO2/U5L1/PSP1/Planning" start="@1508415175095" delta="5" />
  <time id="201" path="/APO2/U5L1/PSP1/Code" start="@1508416153779" delta="62" />
  <time id="202" path="/APO2/U5L1/PSP1/Code" start="@1508465412370" delta="28" />
  <time id="203" path="/APO2/U5L1/PSP1/Test" start="@1508509854693" delta="10" />
  <time id="204" path="/ProyectoFinal/Proyecto Final/PSP1/Code" start="@1508794039348" delta="163" />
  <time id="205" path="/ProyectoFinal/Proyecto Final/PSP1/Code" start="@1508812419851" delta="38" />
  <time id="206" path="/ProyectoFinal/Proyecto Final/PSP1/Code" start="@1508870318571" delta="15" />
  <time id="207" path="/ProyectoFinal/Proyecto Final/PSP1/Code" start="@1508879756344" delta="11" />
  <time id="208" path="/ProyectoFinal/Proyecto Final/PSP1/Test" start="@1508880478268" delta="43" />
  <time id="209" path="/ProyectoFinal/Proyecto Final/PSP1/Code" start="@1508886872180" delta="27" />
  <time id="210" path="/ProyectoFinal/Proyecto Final/PSP1/Test" start="@1508888648033" delta="21" />
  <time id="211" path="/ProyectoFinal/Proyecto Final/PSP1/Planning" start="@1508944436331" delta="39" />
  <time id="212" path="/ProyectoFinal/Proyecto Final/PSP1/Code" start="@1508957203439" delta="60" interrupt="18" />
  <time id="213" path="/ProyectoFinal/Proyecto Final/PSP1/Code" start="@1508966405972" delta="13" />
  <time id="214" path="/ProyectoFinal/Proyecto Final/PSP1/Code" start="@1508967705578" delta="10" />
  <time id="215" path="/ProyectoFinal/Proyecto Final/PSP1/Code" start="@1508968683736" delta="63" interrupt="2" />
  <time id="216" path="/ProyectoFinal/Proyecto Final/PSP1/Code" start="@1508980415063" delta="70" />
  <time id="217" path="/APO2/U5L2/PSP1/Planning" start="@1509020402470" delta="8" />
  <time id="218" path="/APO2/U5L2/PSP1/Code" start="@1509020919543" delta="24" interrupt="4" />
  <time id="219" path="/APO2/U5L2/PSP1/Code" start="@1509036947226" delta="6" />
  <time id="220" path="/ProyectoFinal/Proyecto Final/PSP1/Code" start="@1509037397158" delta="52" />
  <time id="221" path="/ProyectoFinal/Proyecto Final/PSP1/Code" start="@1509040500523" delta="41" interrupt="13" />
  <time id="222" path="/ProyectoFinal/Proyecto Final/PSP1/Code" start="@1509054011092" delta="76" />
  <time id="223" path="/APO2/U5L2/PSP1/Code" start="@1509113959721" delta="35" interrupt="26" />
  <time id="224" path="/APO2/U5L2/PSP1/Code" start="@1509131998219" delta="75" interrupt="1" />
  <time id="225" path="/ProyectoFinal/Proyecto Final/PSP1/Code" start="@1509305737418" delta="70" interrupt="3" />
  <time id="226" path="/ProyectoFinal/Proyecto Final/PSP1/Test" start="@1509310202950" delta="18" />
  <time id="227" path="/ProyectoFinal/Proyecto Final/PSP1/Planning" start="@1509312310910" delta="5" />
  <time id="228" path="/ProyectoFinal/Proyecto Final/PSP1/Code" start="@1509312642125" delta="9" />
  <time id="229" path="/ProyectoFinal/Proyecto Final/PSP1/Code" start="@1509313777904" delta="7" />
  <time id="230" path="/ProyectoFinal/Proyecto Final/PSP1/Code" start="@1509314584538" delta="31" />
  <time id="231" path="/ProyectoFinal/Proyecto Final/PSP1/Code" start="@1509400355452" delta="56" interrupt="7" />
  <time id="232" path="/ProyectoFinal/Proyecto Final/PSP1/Test" start="@1509405535160" delta="20" />
  <time id="233" path="/ProyectoFinal/Proyecto Final/PSP1/Code" start="@1509407181773" delta="37" />
  <time id="234" path="/ProyectoFinal/Proyecto Final/PSP1/Code" start="@1509410755427" delta="7" />
  <time id="235" path="/ProyectoFinal/Proyecto Final/PSP1/Code" start="@1509549203051" delta="26" interrupt="4" />
  <time id="236" path="/APO2/U6L1/PSP1/Planning" start="@1509624058102" delta="19" />
  <time id="237" path="/APO2/U6L1/PSP1/Code" start="@1509626065485" delta="12" />
  <time id="238" path="/APO2/U6L1/PSP1/Code" start="@1509627927868" delta="15" />
  <time id="239" path="/APO2/U6L1/PSP1/Code" start="@1509718198530" delta="38" />
  <time id="240" path="/APO2/U6L1/PSP1/Code" start="@1509723824892" delta="16" />
  <time id="241" path="/APO2/U6L1/PSP1/Code" start="@1509753552865" delta="72" />
  <time id="242" path="/APO2/U6L1/PSP1/Code" start="@1509770188944" delta="2" />
  <time id="243" path="/APO2/U6L2/PSP1/Planning" start="@1510228615801" delta="13" />
  <time id="244" path="/APO2/U6L2/PSP1/Design" start="@1510229389985" delta="11" />
  <time id="245" path="/APO2/U6L2/PSP1/Code" start="@1510230071019" delta="7" />
  <time id="246" path="/APO2/U6L2/PSP1/Code" start="@1510232990574" delta="16" />
  <time id="247" path="/APO2/U6L2/PSP1/Code" start="@1510324244982" delta="7" />
  <time id="248" path="/APO2/U6L2/PSP1/Code" start="@1510326216050" delta="5" />
  <time id="249" path="/APO2/U6L2/PSP1/Code" start="@1510420228173" delta="14" />
  <time id="250" path="/ProyectoFinal/Proyecto Final/PSP1/Code" start="@1510461841872" delta="31" />
  <time id="251" path="/ProyectoFinal/Proyecto Final/PSP1/Code" start="@1510608199728" delta="33" />
  <time id="252" path="/ProyectoFinal/Proyecto Final/PSP1/Code" start="@1510620013685" delta="17" />
  <time id="253" path="/ProyectoFinal/Proyecto Final/PSP1/Code" start="@1510623243275" delta="12" />
  <time id="254" path="/ProyectoFinal/Proyecto Final/PSP1/Planning" start="@1510623980438" delta="110" />
  <time id="255" path="/ProyectoFinal/Proyecto Final/PSP1/Code" start="@1510659953401" delta="23" />
  <time id="256" path="/ProyectoFinal/Proyecto Final/PSP1/Code" start="@1510666234639" delta="26" />
  <time id="257" path="/ProyectoFinal/Proyecto Final/PSP1/Code" start="@1510681432769" delta="41" />
  <time id="258" path="/ProyectoFinal/Proyecto Final/PSP1/Test" start="@1510752531753" delta="20" />
  <time id="259" path="/ProyectoFinal/Proyecto Final/PSP1/Test" start="@1510754133494" delta="15" />
  <time id="260" path="/ProyectoFinal/Proyecto Final/PSP1/Test" start="@1510760546322" delta="23" />
  <time id="261" path="/ProyectoFinal/Proyecto Final/PSP1/Test" start="@1510835498409" delta="2" interrupt="41" />
  <time id="262" path="/ProyectoFinal/Proyecto Final/PSP1/Code" start="@1510838200219" delta="14" />
  <time id="263" path="/ProyectoFinal/Proyecto Final/PSP1/Test" start="@1510847399550" delta="12" />
  <time id="264" path="/ProyectoFinal/Proyecto Final/PSP1/Test" start="@1510853441677" delta="9" />
  <time id="265" path="/ProyectoFinal/Proyecto Final/PSP1/Test" start="@1510855611682" delta="20" />
  <time id="266" path="/ProyectoFinal/Proyecto Final/PSP1/Test" start="@1510886436727" delta="20" />
  <time id="267" path="/ProyectoFinal/Proyecto Final/PSP1/Code" start="@1510887645045" delta="10" />
  <time id="268" path="/ProyectoFinal/Proyecto Final/PSP1/Code" start="@1510888686164" delta="17" />
  <time id="269" path="/ProyectoFinal/Proyecto Final/PSP1/Code" start="@1510890513992" delta="15" />
  <time id="270" path="/ProyectoFinal/Proyecto Final/PSP1/Code" start="@1510928232788" delta="87" interrupt="1" />
  <time id="271" path="/ProyectoFinal/Proyecto Final/PSP1/Code" start="@1510946659825" delta="11" />
  <time id="272" path="/ProyectoFinal/Proyecto Final/PSP1/Test" start="@1510947491621" delta="35" />
  <time id="273" path="/ProyectoFinal/Proyecto Final/PSP1/Test" start="@1510951604686" delta="19" />
  <time id="274" path="/ProyectoFinal/Proyecto Final/PSP1/Test" start="@1510963211389" delta="43" />
  <time id="275" path="/ProyectoFinal/Proyecto Final/PSP1/Code" start="@1510967514081" delta="23" />
  <time id="276" path="/ProyectoFinal/Proyecto Final/PSP1/Design" start="@1510986649299" delta="69" />
  <time id="277" path="/ProyectoFinal/Proyecto Final/PSP1/Design" start="@1511028052552" delta="6" />
  <time id="278" path="/ProyectoFinal/Proyecto Final/PSP1/Design" start="@1511028928151" delta="6" />
  <time id="279" path="/ProyectoFinal/Proyecto Final/PSP1/Design" start="@1511032940970" delta="87" />
  <time id="280" path="/ProyectoFinal/Proyecto Final/PSP1/Code" start="@1511039016718" delta="26" />
  <time id="281" path="/ProyectoFinal/Proyecto Final/PSP1/Code" start="@1511044359753" delta="13" />
  <time id="282" path="/ProyectoFinal/Proyecto Final/PSP1/Code" start="@1511062338559" delta="80" />
  <time id="283" path="/ProyectoFinal/Proyecto Final/PSP1/Planning" start="@1511136256264" delta="21" />
  <time id="284" path="/ProyectoFinal/Proyecto Final/PSP1/Planning" start="@1511140822033" delta="152" />
  <time id="285" path="/ProyectoFinal/Proyecto Final/PSP1/Postmortem" start="@1511195308559" delta="35" />
  <time id="286" path="/ProyectoFinal/Proyecto Final/PSP1/Postmortem" start="@1511201420979" delta="54" />
  <time id="287" path="/ProyectoFinal/Proyecto Final/PSP1/Postmortem" start="@1511214736531" delta="3" />
  <time id="288" path="/Estructuras/U1L1/PSP1/Planning" start="@1516983303545" delta="43" />
  <time id="289" path="/Estructuras/U1L1/PSP1/Planning" start="@1517008697857" delta="18" />
  <time id="290" path="/Estructuras/U1L1/PSP1/Planning" start="@1517086394602" delta="247" />
  <time id="291" path="/Estructuras/U1L1/PSP1/Code" start="@1517152411457" delta="105" />
  <time id="292" path="/Estructuras/U1L1/PSP1/Code" start="@1517587940623" delta="148" />
  <time id="293" path="/Estructuras/U1L1/PSP1/Design" start="@1518193248143" delta="91" interrupt="2" />
  <time id="294" path="/Estructuras/U1L1/PSP1/Design" start="@1518221656303" delta="70" />
  <time id="295" path="/Estructuras/U2L1/PSP1/Planning" start="@1518797624709" delta="83" />
  <time id="296" path="/Estructuras/U2L1/PSP1/Code" start="@1518997792630" delta="24" />
  <time id="297" path="/Estructuras/U2L1/PSP1/Planning" start="@1519058502975" delta="58" />
  <time id="298" path="/Estructuras/U2L1/PSP1/Planning" start="@1519402174176" delta="51" />
  <time id="299" path="/Estructuras/U2L1/PSP1/Design" start="@1519405402379" delta="19" />
  <time id="300" path="/Estructuras/U2L1/PSP1/Code" start="@1519407042543" delta="211" />
  <time id="301" path="/Estructuras/U2L1/PSP1/Code" start="@1520112191115" delta="12" />
  <time id="302" path="/Estructuras/U2L1/PSP1/Test" start="@1520205653911" delta="72" />
  <time id="303" path="/Estructuras/U2L1/PSP1/Code" start="@1520612518431" delta="80" />
  <time id="304" path="/Estructuras/U2L1/PSP1/Planning" start="@1520693273901" delta="91" />
  <time id="305" path="/Estructuras/U3L1/PSP1/Planning" start="@1521217741341" delta="59" />
  <time id="306" path="/Estructuras/U3L1/PSP1/Code" start="@1523032574750" delta="40" interrupt="1" />
  <time id="307" path="/Estructuras/U3L1/PSP1/Code" start="@1524240836041" delta="77" />
  <time id="308" path="/Estructuras/U3L1/PSP1/Test" start="@1524245436946" delta="6" />
  <time id="309" path="/Estructuras/U3L1/PSP1/Test" start="@1524342854288" delta="146" />
  <time id="310" path="/Estructuras/U3L1/PSP1/Test" start="@1524362138198" delta="32" />
  <time id="311" path="/Estructuras/U3L1/PSP1/Design" start="@1524364443411" delta="23" />
  <time id="312" path="/Estructuras/PROYECTO FINAL/PSP0/Planning" start="@1524846841011" delta="47" />
  <time id="313" path="/Estructuras/PROYECTO FINAL/PSP0/Planning" start="@1525098872950" delta="4" />
  <time id="314" path="/Estructuras/PROYECTO FINAL/PSP0/Design" start="@1525099643288" delta="27" />
  <time id="315" path="/Estructuras/PROYECTO FINAL/PSP0/Code" start="@1525101958961" delta="113" />
  <time id="316" path="/Estructuras/PROYECTO FINAL/PSP0/Code" start="@1526779850947" delta="197" />
  <time id="317" path="/Estructuras/PROYECTO FINAL/PSP0/Code" start="@1526857067811" delta="23" />
  <time id="318" path="/Estructuras/PROYECTO FINAL/PSP0/Code" start="@1526865734112" delta="104" />
  <time id="319" path="/Estructuras/PROYECTO FINAL/PSP0/Code" start="@1526992511006" delta="10" />
  <time id="320" path="/Estructuras/PROYECTO FINAL/PSP0/Code" start="@1527044619295" delta="30" />
  <time id="321" path="/Estructuras/PROYECTO FINAL/PSP0/Code" start="@1527451441823" delta="47" />
  <time id="322" path="/Estructuras/PROYECTO FINAL/PSP0/Test" start="@1527454973589" delta="145" />
  <time id="323" path="/Estructuras/PROYECTO FINAL/PSP0/Test" start="@1527473613149" delta="86" />
  <time id="324" path="/Estructuras/PROYECTO FINAL/PSP0/Test" start="@1527479256564" delta="3" />
  <time id="325" path="/Estructuras/PROYECTO FINAL/PSP0/Code" start="@1527480424749" delta="3" />
  <time id="326" path="/Estructuras/PROYECTO FINAL/PSP0/Test" start="@1527522377703" delta="60" />
  <time id="327" path="/Estructuras/PROYECTO FINAL/PSP0/Test" start="@1527548539626" delta="23" />
  <time id="328" path="/Estructuras/PROYECTO FINAL/PSP0/Code" start="@1527549923020" delta="7" />
  <time id="329" path="/Estructuras/PROYECTO FINAL/PSP0/Test" start="@1527707574132" delta="109" />
  <time id="330" path="/Integrador/Taller1_GMAPS_DM/PSP1/Planning" start="@1534197812674" delta="27" />
  <time id="331" path="/Integrador/Taller1_GMAPS_DM/PSP1/Planning" start="@1534259977411" delta="15" />
  <time id="332" path="/Integrador/Taller1_GMAPS_DM/PSP1/Planning" start="@1534271367591" delta="35" />
  <time id="333" path="/Integrador/Taller1_GMAPS_DM/PSP1/Planning" start="@1534282607124" delta="52" />
  <time id="334" path="/Integrador/Taller1_GMAPS_DM/PSP1/Planning" start="@1534434682550" delta="130" />
  <time id="335" path="/Integrador/Taller1_GMAPS_DM/PSP1/Planning" start="@1534462800301" delta="43" />
  <time id="336" path="/Integrador/Taller1_GMAPS_DM/PSP1/Code" start="@1534600565069" delta="143" />
  <time id="337" path="/Integrador/Taller1_GMAPS_DM/PSP1/Code" start="@1534638982032" delta="39" />
  <time id="338" path="/Integrador/Taller1_GMAPS_DM/PSP1/Code" start="@1534642214977" delta="87" interrupt="3" />
  <time id="339" path="/Integrador/Taller1_GMAPS_DM/PSP1/Code" start="@1534650814410" delta="71" />
  <time id="340" path="/Integrador/Taller1_GMAPS_DM/PSP1/Code" start="@1534725834655" delta="86" />
</timeLogEntries>
